Workbook

Sheet ReadMe
A1: Lake Mead Water Conservation Accounts (Intentionally Created Surplus) Data
A3: Data Sources:
B4: Interim Guidelines: https://www.usbr.gov/lc/region/programs/strategies/RecordofDecision.pdf
B5: Water Accounting Reports: https://www.usbr.gov/lc/region/g4000/wtracct.html
A8: Worksheet | B8: Description
A9: 1. Balances | B9: Water Conservation account balances, credits, and debits, by year and entity.
A10: 2. Deposits | B10: Annual deposits and withdraws calculated as the year to year difference in balances.
A11: 3. Capacities | B11: Maximum credits, debits, and totals allowed per year
A12: 4. ICStoDPC | B12: Number of years state can use ICS balance to meet drought contingency plan (DCP) required conservation
A13: 5. DCPLogs | B13: Explanation of how users met drought contingency plan (DPC) required conservation.
A14: 6. ByUser | B14: Account balance by state and contractor

Sheet Balances
A1: Item | B1: Arizona | C1: California | D1: Nevada | E1: Mexico | F1: Total | G1: Year | H1: US+MX
A2: Balance - Dec 2007 (AF) | B2: 0 | C2: 41398 | D2: 0 | E2: 0 | F2: =SUM(B2:E2) -> 41398 | G2: 2007 | H2: =SUM(E2:F2) -> 41398
A3: Balance - Dec 2008 (AF) | B3: 100000 | C3: =27573+66000 -> 93573 | D3: 400000 | E3: 0 | F3: =SUM(B3:D3) -> 593573 | G3: 2008 | H3: =SUM(E3:F3) -> 593573
A4: Balance - Dec 2009 (AF) | B4: 100000 | C4: =79790+66000+11400 -> 157190 | D4: 400000 | E4: 0 | F4: =SUM(B4:D4) -> 657190 | G4: 2009 | H4: =SUM(E4:F4) -> 657190
A5: Balance - Dec 2010 (AF) | B5: 102094 | C5: 261990 | D5: 451257 | E5: 0 | F5: =SUM(B5:E5) -> 815341 | G5: 2010 | H5: =SUM(E5:F5) -> 815341
A6: Balance - Dec 2011 (AF) | B6: =SUMIFS('By User'!$D$2:$D$43,'By User'!$A$2:$A$43,Balances!$G6,'By User'!$C$2:$C$43,Balances!B$1) -> 103050 | C6: =SUMIFS('By User'!$D$2:$D$43,'By User'!$A$2:$A$43,Balances!$G6,'By User'!$C$2:$C$43,Balances!C$1) -> 440678 | D6: =SUMIFS('By User'!$D$2:$D$43,'By User'!$A$2:$A$43,Balances!$G6,'By User'!$C$2:$C$43,Balances!D$1) -> 482672 | E6: =SUMIFS('By User'!$D$2:$D$43,'By User'!$A$2:$A$43,Balances!$G6,'By User'!$C$2:$C$43,Balances!E$1) -> 0 | F6: =SUM(B6:D6) -> 1026400 | G6: 2011 | H6: =SUM(E6:F6) -> 1026400
A7: Balance - Dec 2012 (AF) | B7: =SUMIFS('By User'!$D$2:$D$43,'By User'!$A$2:$A$43,Balances!$G7,'By User'!$C$2:$C$43,Balances!B$1) -> 103050 | C7: =SUMIFS('By User'!$D$2:$D$43,'By User'!$A$2:$A$43,Balances!$G7,'By User'!$C$2:$C$43,Balances!C$1) -> 579786 | D7: =SUMIFS('By User'!$D$2:$D$43,'By User'!$A$2:$A$43,Balances!$G7,'By User'!$C$2:$C$43,Balances!D$1) -> 512804 | E7: =SUMIFS('By User'!$D$2:$D$43,'By User'!$A$2:$A$43,Balances!$G7,'By User'!$C$2:$C$43,Balances!E$1) -> 0 | F7: =SUM(B7:D7) -> 1195640 | G7: 2012 | H7: =SUM(E7:F7) -> 1195640
A8: Balance - Dec 2013 (AF) | B8: =SUMIFS('By User'!$D$2:$D$43,'By User'!$A$2:$A$43,Balances!$G8,'By User'!$C$2:$C$43,Balances!B$1) -> 103050 | C8: =SUMIFS('By User'!$D$2:$D$43,'By User'!$A$2:$A$43,Balances!$G8,'By User'!$C$2:$C$43,Balances!C$1) -> 474063 | D8: =SUMIFS('By User'!$D$2:$D$43,'By User'!$A$2:$A$43,Balances!$G8,'By User'!$C$2:$C$43,Balances!D$1) -> 541051 | E8: =SUMIFS('By User'!$D$2:$D$43,'By User'!$A$2:$A$43,Balances!$G8,'By User'!$C$2:$C$43,Balances!E$1) -> 0 | F8: =SUM(B8:D8) -> 1118164 | G8: 2013 | H8: =SUM(E8:F8) -> 1118164
A9: Balance - Dec 2014 (AF) | B9: =SUMIFS('By User'!$D$2:$D$43,'By User'!$A$2:$A$43,Balances!$G9,'By User'!$C$2:$C$43,Balances!B$1) -> 103050 | C9: =SUMIFS('By User'!$D$2:$D$43,'By User'!$A$2:$A$43,Balances!$G9,'By User'!$C$2:$C$43,Balances!C$1) -> 169085 | D9: =SUMIFS('By User'!$D$2:$D$43,'By User'!$A$2:$A$43,Balances!$G9,'By User'!$C$2:$C$43,Balances!D$1) -> 564765 | E9: =SUMIFS('By User'!$D$2:$D$43,'By User'!$A$2:$A$43,Balances!$G9,'By User'!$C$2:$C$43,Balances!E$1) -> 0 | F9: =SUM(B9:D9) -> 836900 | G9: 2014 | H9: =SUM(E9:F9) -> 836900
A10: Balance - Dec 2015 (AF) | B10: =SUMIFS('By User'!$D$2:$D$43,'By User'!$A$2:$A$43,Balances!$G10,'By User'!$C$2:$C$43,Balances!B$1) -> 103050 | C10: =SUMIFS('By User'!$D$2:$D$43,'By User'!$A$2:$A$43,Balances!$G10,'By User'!$C$2:$C$43,Balances!C$1) -> 97791 | D10: =SUMIFS('By User'!$D$2:$D$43,'By User'!$A$2:$A$43,Balances!$G10,'By User'!$C$2:$C$43,Balances!D$1) -> 511023 | E10: =SUMIFS('By User'!$D$2:$D$43,'By User'!$A$2:$A$43,Balances!$G10,'By User'!$C$2:$C$43,Balances!E$1) -> 0 | F10: =SUM(B10:D10) -> 711864 | G10: 2015 | H10: =SUM(E10:F10) -> 711864
A11: Balance - Dec 2016 (AF) | B11: =SUMIFS('By User'!$D$2:$D$43,'By User'!$A$2:$A$43,Balances!$G11,'By User'!$C$2:$C$43,Balances!B$1) -> 103050 | C11: =SUMIFS('By User'!$D$2:$D$43,'By User'!$A$2:$A$43,Balances!$G11,'By User'!$C$2:$C$43,Balances!C$1) -> 115066 | D11: =SUMIFS('By User'!$D$2:$D$43,'By User'!$A$2:$A$43,Balances!$G11,'By User'!$C$2:$C$43,Balances!D$1) -> 531562 | E11: =SUMIFS('By User'!$D$2:$D$43,'By User'!$A$2:$A$43,Balances!$G11,'By User'!$C$2:$C$43,Balances!E$1) -> 0 | F11: =SUM(B11:D11) -> 749678 | G11: 2016 | H11: =SUM(E11:F11) -> 749678
A12: Balance - Dec 2017 (AF) | B12: =SUMIFS('By User'!$D$2:$D$43,'By User'!$A$2:$A$43,Balances!$G12,'By User'!$C$2:$C$43,Balances!B$1) -> 126800 | C12: =SUMIFS('By User'!$D$2:$D$43,'By User'!$A$2:$A$43,Balances!$G12,'By User'!$C$2:$C$43,Balances!C$1) -> 552378 | D12: =SUMIFS('By User'!$D$2:$D$43,'By User'!$A$2:$A$43,Balances!$G12,'By User'!$C$2:$C$43,Balances!D$1) -> 582313 | E12: =SUMIFS('By User'!$D$2:$D$43,'By User'!$A$2:$A$43,Balances!$G12,'By User'!$C$2:$C$43,Balances!E$1) -> 0 | F12: =SUM(B12:D12) -> 1261491 | G12: 2017 | H12: =SUM(E12:F12) -> 1261491
A13: Balance - Dec 2018 (AF) | B13: =SUMIFS('By User'!$D$2:$D$43,'By User'!$A$2:$A$43,Balances!$G13,'By User'!$C$2:$C$43,Balances!B$1) -> 343052 | C13: =SUMIFS('By User'!$D$2:$D$43,'By User'!$A$2:$A$43,Balances!$G13,'By User'!$C$2:$C$43,Balances!C$1) -> 698432 | D13: =SUMIFS('By User'!$D$2:$D$43,'By User'!$A$2:$A$43,Balances!$G13,'By User'!$C$2:$C$43,Balances!D$1) -> 700448 | E13: =SUMIFS('By User'!$D$2:$D$43,'By User'!$A$2:$A$43,Balances!$G13,'By User'!$C$2:$C$43,Balances!E$1) -> 0 | F13: =SUM(B13:D13) -> 1741932 | G13: 2018 | H13: =SUM(E13:F13) -> 1741932
A14: Balance - Dec 2019 (AF) | B14: =SUMIFS('By User'!$D$2:$D$43,'By User'!$A$2:$A$43,Balances!$G14,'By User'!$C$2:$C$43,Balances!B$1) -> 473504 | C14: =SUMIFS('By User'!$D$2:$D$43,'By User'!$A$2:$A$43,Balances!$G14,'By User'!$C$2:$C$43,Balances!C$1) -> 1053210 | D14: =SUMIFS('By User'!$D$2:$D$43,'By User'!$A$2:$A$43,Balances!$G14,'By User'!$C$2:$C$43,Balances!D$1) -> 785913 | E14: 132975 | F14: =SUM(B14:D14) -> 2312627 | G14: 2019 | H14: =SUM(E14:F14) -> 2445602
A15: Balance - Dec 2020 (AF) | B15: 598742 | C15: 1375871 | D15: 865741 | E15: =E14+41000 -> 173975 | F15: =SUM(B15:D15) -> 2840354 | G15: 2020 | H15: =SUM(E15:F15) -> 3014329
A16: Balance - Dec 2021 (AF) | B16: 684201 | C16: 1357085 | D16: 949658 | E16: =E15+41000 -> 214975 | F16: =SUM(B16:D16) -> 2990944 | G16: 2021 | H16: =SUM(E16:F16) -> 3205919
A17: Balance - Dec 2022 (AF) | B17: 753423 | C17: 1245693 | D17: 1038765 | E17: =30000+E16 -> 244975 | F17: =SUM(B17:D17) -> 3037881 | G17: 2022 | H17: =SUM(E17:F17) -> 3282856
A18: Balance - Dec 2023 (AF) | B18: 710589 | C18: 1661832 | D18: 955543 | E18: =E17-34000 -> 210975 | F18: =SUM(B18:D18) -> 3327964 | G18: 2023 | H18: =SUM(E18:F18) -> 3538939
A19: Balance - Dec 2024 (AF) | B19: 710589 | C19: 1661832 | D19: 954013 | E19: =E18+30000 -> 240975 | F19: =SUM(B19:D19) -> 3326434 | G19: 2024 | H19: =SUM(E19:F19) -> 3567409

Sheet Deposits
A1: {=Balances!G1:G1} -> Year | B1: Total | C1: Arizona | D1: California | E1: Nevada | F1: Mexico
A2: =Balances!G2 -> 2007 | B2: =SUM(C2:F2) -> 41398 | C2: =Balances!B2 -> 0 | D2: =Balances!C2 -> 41398 | E2: =Balances!D2 -> 0 | F2: =Balances!E3-Balances!E2 -> 0
A3: =Balances!G3 -> 2008 | B3: =SUM(C3:F3) -> 552175 | C3: =Balances!B3-Balances!B2 -> 100000 | D3: =Balances!C3-Balances!C2 -> 52175 | E3: =Balances!D3-Balances!D2 -> 400000 | F3: =Balances!E3-Balances!E2 -> 0
A4: =Balances!G4 -> 2009 | B4: =SUM(C4:F4) -> 63617 | C4: =Balances!B4-Balances!B3 -> 0 | D4: =Balances!C4-Balances!C3 -> 63617 | E4: =Balances!D4-Balances!D3 -> 0 | F4: =Balances!E4-Balances!E3 -> 0
A5: =Balances!G5 -> 2010 | B5: =SUM(C5:F5) -> 158151 | C5: =Balances!B5-Balances!B4 -> 2094 | D5: =Balances!C5-Balances!C4 -> 104800 | E5: =Balances!D5-Balances!D4 -> 51257 | F5: =Balances!E5-Balances!E4 -> 0
A6: =Balances!G6 -> 2011 | B6: =SUM(C6:F6) -> 211059 | C6: =Balances!B6-Balances!B5 -> 956 | D6: =Balances!C6-Balances!C5 -> 178688 | E6: =Balances!D6-Balances!D5 -> 31415 | F6: =Balances!E6-Balances!E5 -> 0
A7: =Balances!G7 -> 2012 | B7: =SUM(C7:F7) -> 169240 | C7: =Balances!B7-Balances!B6 -> 0 | D7: =Balances!C7-Balances!C6 -> 139108 | E7: =Balances!D7-Balances!D6 -> 30132 | F7: =Balances!E7-Balances!E6 -> 0
A8: =Balances!G8 -> 2013 | B8: =SUM(C8:F8) -> -77476 | C8: =Balances!B8-Balances!B7 -> 0 | D8: =Balances!C8-Balances!C7 -> -105723 | E8: =Balances!D8-Balances!D7 -> 28247 | F8: =Balances!E8-Balances!E7 -> 0
A9: =Balances!G9 -> 2014 | B9: =SUM(C9:F9) -> -281264 | C9: =Balances!B9-Balances!B8 -> 0 | D9: =Balances!C9-Balances!C8 -> -304978 | E9: =Balances!D9-Balances!D8 -> 23714 | F9: =Balances!E9-Balances!E8 -> 0
A10: =Balances!G10 -> 2015 | B10: =SUM(C10:F10) -> -125036 | C10: =Balances!B10-Balances!B9 -> 0 | D10: =Balances!C10-Balances!C9 -> -71294 | E10: =Balances!D10-Balances!D9 -> -53742 | F10: =Balances!E10-Balances!E9 -> 0
A11: =Balances!G11 -> 2016 | B11: =SUM(C11:F11) -> 37814 | C11: =Balances!B11-Balances!B10 -> 0 | D11: =Balances!C11-Balances!C10 -> 17275 | E11: =Balances!D11-Balances!D10 -> 20539 | F11: =Balances!E11-Balances!E10 -> 0
A12: =Balances!G12 -> 2017 | B12: =SUM(C12:F12) -> 511813 | C12: =Balances!B12-Balances!B11 -> 23750 | D12: =Balances!C12-Balances!C11 -> 437312 | E12: =Balances!D12-Balances!D11 -> 50751 | F12: =Balances!E12-Balances!E11 -> 0
A13: =Balances!G13 -> 2018 | B13: =SUM(C13:F13) -> 480441 | C13: =Balances!B13-Balances!B12 -> 216252 | D13: =Balances!C13-Balances!C12 -> 146054 | E13: =Balances!D13-Balances!D12 -> 118135 | F13: =Balances!E13-Balances!E12 -> 0
A14: =Balances!G14 -> 2019 | B14: =SUM(C14:F14) -> 703670 | C14: =Balances!B14-Balances!B13 -> 130452 | D14: =Balances!C14-Balances!C13 -> 354778 | E14: =Balances!D14-Balances!D13 -> 85465 | F14: =Balances!E14-Balances!E13 -> 132975
... A18: =Balances!G18 -> 2023 | B18: =SUM(C18:F18) -> 256083 | C18: =Balances!B18-Balances!B17 -> -42834 | D18: =Balances!C18-Balances!C17 -> 416139 | E18: =Balances!D18-Balances!D17 -> -83222 | F18: =Balances!E18-Balances!E17 -> -34000
A19: 2024 | B19: =SUM(C19:F19) -> 28470 | C19: =Balances!B19-Balances!B18 -> 0 | D19: =Balances!C19-Balances!C18 -> 0 | E19: =Balances!D19-Balances!D18 -> -1530 | F19: =Balances!E19-Balances!E18 -> 30000

Sheet Capacities
A1: Item | B1: Arizona | C1: California | D1: Nevada | E1: Mexico | F1: Total
A2: Max Deposit (AF/year) | B2: 100000 | C2: 400000 | D2: 125000 | F2: =SUM(B2:D2) -> 625000
A3: Max Total (AF) | B3: 300000 | C3: 1500000 | D3: 300000 | F3: =SUM(B3:D3) -> 2100000
A4: Max Withdraw (Delivery; AF/year) | B4: 300000 | C4: 400000 | D4: 300000 | F4: =SUM(B4:D4) -> 1000000
A5: Delivery lessened when shortage condition reached - insufficient water to deliver 7.5 MAF/yr of consumptive use
A7: New levels with DCP | B7: =B1 -> Arizona | C7: =C1 -> California | D7: =D1 -> Nevada | E7: =E1 -> Mexico | F7: =F1 -> Total
A8: Max Deposit (AF/year) | B8: 100000 | C8: 400000 | D8: 125000 | F8: =SUM(B8:D8) -> 625000
A9: Max Balance (AF) | B9: 500000 | C9: 1700000 | D9: 500000 | F9: =SUM(B9:D9) -> 2700000
A10: Max Withdraw (Delivery; AF/year) | B10: =B4 -> 300000 | C10: =C4 -> 400000 | D10: =D4 -> 300000 | F10: =SUM(B10:D10) -> 1000000
A11: Shortage condition = 1,075 ft Mead Level
A12: ICS reduced when reservoir flood control releases made.
A14: Assessment of Losses
A15: Initial | B15: 0.05 | C15: 0.05 | D15: 0.05
A16: Each subsequent year | B16: 0.03 | C16: 0.03 | D16: 0.03

Sheet ICStoDCP
E1: Years ICS can convert to DCP
A2: Mead Elevation (ft) | B2: DCP-AZ Reduction (ac-ft) | C2: DCP-CA Reduction (ac-ft) | D2: DCP-NV Reduction (ac-ft) | E2: AZ | F2: CA | G2: NV
A3: 1218.5
A4: 1190
A5: 1150
A6: 1091
A7: 1090 | B7: 192000 | D7: 8000 | E7: =Balances!B$5/B7 -> 0.53173958 | G7: =Balances!D$5/D7 -> 56.407125
A8: 1075 | B8: 512000 | D8: 21000 | E8: =Balances!B$5/B8 -> 0.19940234 | G8: =Balances!D$5/D8 -> 21.488429
A9: 1050 | B9: 592000 | D9: 25000 | E9: =Balances!B$5/B9 -> 0.17245608 | G9: =Balances!D$5/D9 -> 18.05028
A10: 1045 | B10: 640000 | C10: 200000 | D10: 27000 | E10: =Balances!B$5/B10 -> 0.15952188 | F10: =Balances!C$5/C10 -> 1.30995 | G10: =Balances!D$5/D10 -> 16.713222
A11: 1040 | B11: 640000 | C11: 250000 | D11: 27000 | E11: =Balances!B$5/B11 -> 0.15952188 | F11: =Balances!C$5/C11 -> 1.04796 | G11: =Balances!D$5/D11 -> 16.713222
A12: 1035 | B12: 640000 | C12: 300000 | D12: 27000 | E12: =Balances!B$5/B12 -> 0.15952188 | F12: =Balances!C$5/C12 -> 0.8733 | G12: =Balances!D$5/D12 -> 16.713222
A13: 1030 | B13: 640000 | C13: 350000 | D13: 27000 | E13: =Balances!B$5/B13 -> 0.15952188 | F13: =Balances!C$5/C13 -> 0.74854286 | G13: =Balances!D$5/D13 -> 16.713222
A14: 1025 | B14: 720000 | C14: 350000 | D14: 30000 | E14: =Balances!B$5/B14 -> 0.14179722 | F14: =Balances!C$5/C14 -> 0.74854286 | G14: =Balances!D$5/D14 -> 15.0419

Sheet DCPLogs
A2: State | B2: User | C2: Year | D2: Required DCP Contribution | E2: ConvertExistingICStoDCPICS | F2: CreateConvertICStoDCPICS | G2: CreatNonICS | H2: TotalDCPContribute | I2: DCPDeficiency
A3: Arizona | B3: CAWCD | C3: 2020 | D3: 192000 | E3: 0 | F3: 47434 | G3: 133174 | H3: =SUM(E3:G3) -> 180608 | I3: =D3-H3 -> 11392
A4: California | C4: 2020 | D4: 0 | E4: 0 | F4: 0 | H4: =SUM(E4:G4) -> 0 | I4: =D4-H4 -> 0
A5: Nevada | B5: SNWA | C5: 2020 | D5: 8000 | E5: 0 | F5: 8000 | H5: =SUM(E5:G5) -> 8000 | I5: =D5-H5 -> 0
F7: =SUM(F3:F5) -> 55434

Sheet By User
A1: Year | B1: User | C1: State | D1: Balance
A2: 2011 | B2: CAP | C2: Arizona | D2: =100000+3050 -> 103050
A3: 2011 | B3: MWD | C3: California | D3: =344439+66000+24397 -> 434836
A4: 2011 | B4: IID | C4: California | D4: =5842 -> 5842
A5: 2011 | B5: SNWA | C5: Nevada | D5: =47523+28395+3704+400000+3050 -> 482672
A6: 2010 | B6: CAP | C6: Arizona | D6: =100000+2094 -> 102094
A7: 2010 | B7: MWD | C7: California | D7: =173217+66000+16750 -> 255967
A8: 2010 | B8: IID | C8: California | D8: 6023
A9: 2010 | B9: SNWA | C9: Nevada | D9: =19798+28566+799+400000+2094 -> 451257
A10: 2012 | B10: CAP | C10: Arizona | D10: =100000+3050 -> 103050
A11: 2012 | B11: MWD | C11: California | D11: =489389+66000+24397 -> 579786
A12: 2012 | B12: IID | C12: California | D12: 0
A13: 2012 | B13: SNWA | C13: Nevada | D13: =77162+29870+2722+400000+3050 -> 512804
A14: 2013 | B14: CAP | C14: Arizona | D14: =100000+3050 -> 103050
A15: 2013 | B15: MWD | C15: California | D15: =383666+66000+24397 -> 474063
A16: 2013 | B16: IID | C16: California | D16: 0
A17: 2013 | B17: SNWA | C17: Nevada | D17: =106461+29925+1615+400000+3050 -> 541051
A18: 2014 | B18: CAP | C18: Arizona | D18: =100000+3050 -> 103050
A19: 2014 | B19: MWD | C19: California | D19: =61764+65000+24397 -> 151161
A20: 2014 | B20: IID | C20: California | D20: 17924
A21: 2014 | B21: SNWA | C21: Nevada | D21: 564765
A22: 2015 | B22: CAP | C22: Arizona | D22: =100000+3050 -> 103050
A23: 2015 | B23: MWD | C23: California | D23: =56008+24397 -> 80405
A24: 2015 | B24: IID | C24: California | D24: 17386
A25: 2015 | B25: SNWA | C25: Nevada | D25: 511023
A26: 2016 | B26: CAP | C26: Arizona | D26: =100000+3050 -> 103050
A27: 2016 | B27: MWD | C27: California | D27: =4644+56008+24397 -> 85049
A28: 2016 | B28: IID | C28: California | D28: 30017
A29: 2016 | B29: SNWA | C29: Nevada | D29: 531562
A30: 2017 | B30: CAP | C30: Arizona | D30: 126800
A31: 2017 | B31: MWD | C31: California | D31: 478628
A32: 2017 | B32: IID | C32: California | D32: 73750
A33: 2017 | B33: SNWA | C33: Nevada | D33: 582313
A34: 2018 | B34: CAP | C34: Arizona | D34: 343052
A35: 2018 | B35: MWD | C35: California | D35: 624682
A36: 2018 | B36: IID | C36: California | D36: 73750
A37: 2018 | B37: SNWA | C37: Nevada | D37: 700448
A38: 2019 | B38: CAP | C38: Arizona | D38: 362557
A39: 2019 | B39: CRIT | C39: Arizona | D39: 5647
... A43: 2019 | B43: SNWA | C43: Nevada | D43: 785913
